date,holiday_name,is_holiday
2012-01-01,1er janvier,1
2012-04-09,Lundi de Pâques,1
2012-05-01,1er mai,1
2012-05-08,8 mai,1
2012-05-17,Ascension,1
2012-05-28,Lundi de Pentecôte,1
2012-07-14,14 juillet,1
2012-08-15,Assomption,1
2012-11-01,Toussaint,1
2012-11-11,11 novembre,1
2012-12-25,Jour de Noël,1
2013-01-01,1er janvier,1
2013-04-01,Lundi de Pâques,1
2013-05-01,1er mai,1
2013-05-08,8 mai,1
2013-05-09,Ascension,1
2013-05-20,Lundi de Pentecôte,1
2013-07-14,14 juillet,1
2013-08-15,Assomption,1
2013-11-01,Toussaint,1
2013-11-11,11 novembre,1
2013-12-25,Jour de Noël,1
2014-01-01,1er janvier,1
2014-04-21,Lundi de Pâques,1
2014-05-01,1er mai,1
2014-05-08,8 mai,1
2014-05-29,Ascension,1
2014-06-09,Lundi de Pentecôte,1
2014-07-14,14 juillet,1
2014-08-15,Assomption,1
2014-11-01,Toussaint,1
2014-11-11,11 novembre,1
2014-12-25,Jour de Noël,1
2015-01-01,1er janvier,1
2015-04-06,Lundi de Pâques,1
2015-05-01,1er mai,1
2015-05-08,8 mai,1
2015-05-14,Ascension,1
2015-05-25,Lundi de Pentecôte,1
2015-07-14,14 juillet,1
2015-08-15,Assomption,1
2015-11-01,Toussaint,1
2015-11-11,11 novembre,1
2015-12-25,Jour de Noël,1
2016-01-01,1er janvier,1
2016-03-28,Lundi de Pâques,1
2016-05-01,1er mai,1
2016-05-05,Ascension,1
2016-05-08,8 mai,1
2016-05-16,Lundi de Pentecôte,1
2016-07-14,14 juillet,1
2016-08-15,Assomption,1
2016-11-01,Toussaint,1
2016-11-11,11 novembre,1
2016-12-25,Jour de Noël,1
2017-01-01,1er janvier,1
2017-04-17,Lundi de Pâques,1
2017-05-01,1er mai,1
2017-05-08,8 mai,1
2017-05-25,Ascension,1
2017-06-05,Lundi de Pentecôte,1
2017-07-14,14 juillet,1
2017-08-15,Assomption,1
2017-11-01,Toussaint,1
2017-11-11,11 novembre,1
2017-12-25,Jour de Noël,1
2018-01-01,1er janvier,1
2018-04-02,Lundi de Pâques,1
2018-05-01,1er mai,1
2018-05-08,8 mai,1
2018-05-10,Ascension,1
2018-05-21,Lundi de Pentecôte,1
2018-07-14,14 juillet,1
2018-08-15,Assomption,1
2018-11-01,Toussaint,1
2018-11-11,11 novembre,1
2018-12-25,Jour de Noël,1
2019-01-01,1er janvier,1
2019-04-22,Lundi de Pâques,1
2019-05-01,1er mai,1
2019-05-08,8 mai,1
2019-05-30,Ascension,1
2019-06-10,Lundi de Pentecôte,1
2019-07-14,14 juillet,1
2019-08-15,Assomption,1
2019-11-01,Toussaint,1
2019-11-11,11 novembre,1
2019-12-25,Jour de Noël,1
2020-01-01,1er janvier,1
2020-04-13,Lundi de Pâques,1
2020-05-01,1er mai,1
2020-05-08,8 mai,1
2020-05-21,Ascension,1
2020-06-01,Lundi de Pentecôte,1
2020-07-14,14 juillet,1
2020-08-15,Assomption,1
2020-11-01,Toussaint,1
2020-11-11,11 novembre,1
2020-12-25,Jour de Noël,1
2021-01-01,1er janvier,1
2021-04-05,Lundi de Pâques,1
2021-05-01,1er mai,1
2021-05-08,8 mai,1
2021-05-13,Ascension,1
2021-05-24,Lundi de Pentecôte,1
2021-07-14,14 juillet,1
2021-08-15,Assomption,1
2021-11-01,Toussaint,1
2021-11-11,11 novembre,1
2021-12-25,Jour de Noël,1
2022-01-01,1er janvier,1
2022-04-18,Lundi de Pâques,1
2022-05-01,1er mai,1
2022-05-08,8 mai,1
2022-05-26,Ascension,1
2022-06-06,Lundi de Pentecôte,1
2022-07-14,14 juillet,1
2022-08-15,Assomption,1
2022-11-01,Toussaint,1
2022-11-11,11 novembre,1
2022-12-25,Jour de Noël,1
2023-01-01,1er janvier,1
2023-04-10,Lundi de Pâques,1
2023-05-01,1er mai,1
2023-05-08,8 mai,1
2023-05-18,Ascension,1
2023-05-29,Lundi de Pentecôte,1
2023-07-14,14 juillet,1
2023-08-15,Assomption,1
2023-11-01,Toussaint,1
2023-11-11,11 novembre,1
2023-12-25,Jour de Noël,1
2024-01-01,1er janvier,1
2024-04-01,Lundi de Pâques,1
2024-05-01,1er mai,1
2024-05-08,8 mai,1
2024-05-09,Ascension,1
2024-05-20,Lundi de Pentecôte,1
2024-07-14,14 juillet,1
2024-08-15,Assomption,1
2024-11-01,Toussaint,1
2024-11-11,11 novembre,1
2024-12-25,Jour de Noël,1
2025-01-01,1er janvier,1
2025-04-21,Lundi de Pâques,1
2025-05-01,1er mai,1
2025-05-08,8 mai,1
2025-05-29,Ascension,1
2025-06-09,Lundi de Pentecôte,1
2025-07-14,14 juillet,1
2025-08-15,Assomption,1
2025-11-01,Toussaint,1
2025-11-11,11 novembre,1
2025-12-25,Jour de Noël,1
2026-01-01,1er janvier,1
2026-04-06,Lundi de Pâques,1
2026-05-01,1er mai,1
2026-05-08,8 mai,1
2026-05-14,Ascension,1
2026-05-25,Lundi de Pentecôte,1
